0,ローター,3000,
1,Ｅマッサージャ,9000,
2,クリキャップ,3000,
3,オナホール,12000,
4,バイブ,4500,
5,アナルバイブ,4500,
;6,アナルビーズ,4500,
;7,空気ポンプ,6000,
;8,拡張バルーン,6000,
;9,浣腸器＋プラグ,6000,
10,ニプルキャップ,3000,
11,搾乳器,4500,
12,ペニスバンド,20000,
;13,鞭,15000,
;14,針,30000,
15,アイマスク,15000,
16,縄,15000,
;17,ボールギャグ,15000,
;18,ビデオカメラ,15000,
19,スカウター,30000,;女子力を計る機械
20,プレイマット,6000,;お風呂場でプレイの幅が広がる
;21,大鏡,15000,;羞恥プレイが可能になる
;22,首輪,6000,;野外プレイが可能になる
23,エプロン,15000,;新妻プレイが可能になる
;24,電極プラグ,5000,
;25,触手使役術,10000,;触手調教が可能になる
;26,コスプレセット,2000,;奴隷の衣装の幅を増やす
27,【捕縛技能】,30000,;拘束プレイが可能になる
29,調合用品一式,40000,
30,キーボード,30000
31,ピアノ,90000
32,ギター,6000
33,トランペット,30000
34,ヴァイオリン,60000
35,保温ジャー,5000,食事が冷めにくくなる
36,折り畳み傘,1200,
37,釣り竿,3000,;釣りができる
38,簡易プール,5000,人魚が入ったりできる,FLAG:プールで管理 
39,ミキサー,10000,まぜまぜ,

	;40〜59番までは複数購入できる道具用の枠に
40,ローション,300,
41,媚薬,3000,
42,利尿剤,3000,
;43,ビデオテープ,500,;ビデオカメラの使用に必要。使い捨て
;44,フィルム,300,;写真撮影で使用。使い捨て
45,コンドーム,100,;定番の避妊具、避妊には十分だが、使い捨て
;46,低温蝋燭,2000,;蝋燭プレイに必要。素肌を傷つけない優れもの。ただし高い値段の割に使い捨て
47,白米,2000,;ブルジョワの食べ物。
48,雑穀,500,;稗とか粟　貧乏人のたべもの
49,ピル,2000,;経口避妊薬、快感も損なわないが一日しか持たず高い
50,古米,1000,;ちょっとパサパサしてる　普通の食べ物
51,どぶろく,3000,;
52,清酒,10000,;
53,鬼殺し,15000,;
;54,ワイン,10000,;
55,お神酒,15000,;
56,甘酒,120,;
;57,梅酒,10000,;
58,蒸留酒,15000,
59,薬酒,20000,

	;60番からは能力獲得のアイテムを

;61,【調合知識】,80000,;プレイヤーにTALENT:調合知識がつく
62,【禁断の知識】,80000,;プレイヤーにTALENT:禁断の知識がつく
63,【技巧UP】,5000,;プレイヤーの技巧を上げる
64,【技巧DOWN】,0,;プレイヤーの技巧を下げる
65,【汚名返上】,20000,;プレイヤーの取得した南無三カードを1枚減らす
66,【汚臭耐性UP】,5000,;プレイヤーの汚臭耐性を上げる
67,【汚臭耐性DOWN】,5000,;プレイヤーの汚臭耐性を下げる

	;70番からは体質変化の薬等を。値段が高い他、ストレス値も増加するため基本的にリスクが高い
;70,元気になる薬,1000,;体力を回復する
71,薬の材料(双),20000,;ふたなりにする
72,薬の材料(消),10000,;ふたなりを消去する
;73,青いキャンディ,20000,;体が成長するキャンディ。母乳体質になる
74,赤いキャンディ,20000,;体が若返るキャンディ。処女膜が再生する
;75,豊胸剤,20000,,;胸の大きさを1段階上げる。爆乳使用不可
;76,縮胸剤,10000,,;胸の大きさを1段階下げる。絶壁使用不可
77,茶色のキャンディ,20000,;獣の特性を得るキャンディ。動物耳が生える
78,水色のキャンディ,20000,;獣の特性を無くすキャンディ。動物耳が消える

	;90番以降は何か特殊なアイテムの枠に
;90,記憶消去薬,100000,;処女、ふたなり、母乳体質、経験、感覚の変化を残した状態で、残りのパラメータを全て初期化
91,排卵誘発剤,50000,;敢えて孕ませる場合に使う。

94,クリスマスプレゼント,50000,;え？中止じゃないの？
95,菓子折り,10000,;謝罪にはこれ
;96,山吹色の菓子折り,50000,;お主も悪よのう
;97,白装束,100000,;HARAKIRIをして詫びる。BANZAI!
;98,風呂敷,1000
;99,5000
;100,エンゲージリング,100000

101,戦術指南書,3000,
102,調理指南書,3000,
103,字引,3000,
104,御伽草子,3000,
105,演奏指南書,3000,
106,紙芝居,3000,
107,おさかな図鑑,3000,
108,採集ガイド,3000,
109,薬学教本,3000,

120,ブラックサンダー,30,;あからさまに義理なのだ！
121,チョコレート,1000,;普通
122,高級チョコ,3000,;それなりに値の張りそうなチョコレート
123,本命チョコ,1000,;愛情たっぷり

130,兎符「開運大紋」,10000,;ラッキースケベが起きる
131,守矢の守札,0,;守矢くじに直接入れられた、霊験あらたかだが誰の念も込められていないありがたいのかわからない御札と書いてハズレくじと読む

140,壊れた傘,0


;150〜は園芸関連
150,園芸用品一式,10000,
151,キャベツの苗,500,
152,イチゴの苗,500,
153,カブの苗,500,

162,キュウリの苗,500,
163,トマトの苗,500,
164,スイカの苗,500,

175,ナスの苗,500,
176,サツマイモの苗,500,
177,ブドウの苗,500,

187,ユリの苗,500,
188,ニンジンの苗,500,
189,ネギの苗,500,

190,ローターの苗,5000

195,こやし,1500,

212,かしわもち,500,
213,アイス,500,
214,宿題,500,
215,紅茶,500,
216,飴,500,

250,惚れ薬,5000,
251,スポーツドリンク,1000
252,睡眠薬,3000

351,キャベツ,500,
352,イチゴ,500,
353,カブ,500,

362,キュウリ,500,
363,トマト,500,
364,スイカ,500,

375,ナス,500,
376,サツマイモ,500,
377,ブドウ,500,

387,ユリネ,500,
388,ニンジン,500,
389,ネギ,500,

399,魔水晶のペンダント,50000,;エレンからの贈り物、淡い光を放っている
400,コレクションのスキマ,20,;いつでもパンツをコレクションできる素敵アイテム
401,インスタント結界,10000,;愛の巣への無粋な侵入者を防ぐ
402,三粒の天滴,99999,;諏訪子からの贈り物、神代より枯れることなき豊穣の標

;499まではキャラ専用

;500は回復アイテムなど
500,青汁,100,
501,栄養ドリンク,3000,
502,精力剤,10000,
503,ギンギンＺ,5000

505,ギンギラギンＸ,15000,
506,精力剤『天元凸破』,20000,

507,ポーション,3000,
508,マジックポーション,5000,
509,破眠ポーション,4000,
510,ウコンドリンク,500
511,エリクサー,30000,
512,仙丹,50000,

520,包帯,1000
521,易書,1000,

530,ミラダの石, 980000

550,ヤツメ串

;600は素材
600,普通のキノコ,100,
601,毒キノコ,100,
602,ねばねばキノコ,100,
603,冬虫夏草,500,
604,やばいキノコ,3000,
605,魔法のキノコ,3000,
606,龍の爪,5000,
607,薬草,100,
608,上薬草,300,
609,氷の鱗,10000,
610,木材,50,

611,山菜,10,
612,毒草,200,
613,特薬草,2000,
614,彼岸花,1000,
615,雪の霊草,7000,

616,山芋,100,
617,ウコン,500,
618,高麗人参,1000,
619,苦い根っこ,3000,
620,マンドラゴラ,6000,

621,白い樹脂,100,
622,黄色い樹脂,2000,
623,芳しい樹脂,4000,
624,悪華の乳液,6000,
625,竜血,10000,

626,キイチゴ,50,
627,はちみつ,100,
628,アケビ,500,
629,たけのこ,800,
630,仙桃,12000,

631,骨くず,100,
632,石膏,500,
633,滑石,1000,
634,竜骨,3000,
635,辰砂,5000,

636,ふん,10,
637,湯の花,500,
638,彷徨う魂,3000,
639,ダークマター,10000,
640,鳳凰の尾,12000,

641,蝦蟇の油,1000,
642,魚粕,150,
643,即席ラーメン,10000,
644,瓶コーラ,11000,
645,缶詰保存食,12000,

;700はお肉
700,鶏肉,100,
701,ヤマドリ,100,
702,豚肉,100,
703,猪肉,100,
704,牛肉,100,
705,得体の知れない肉,100,
706,カエル,100
707,魚,100,;			シドが死ぬ
708,うまい魚,200,;	シドを生存させる

800,メイド服
801,ナース服
802,サンタ服

850,パワフルドラッグ,5000,;弾幕勝負補助アイテム
851,アイシクルボム,7000,;弾幕勝負補助アイテム
852,太乙の火種,10000,;弾幕勝負補助アイテム
853,魅惑のエサ,10000,;弾幕勝負補助アイテム


900,祭壇,1000000,
;901,コレクションのスキマ,10000
